,accuracy,precision,recall,f1,kapppa,set,modelo,especifidad
0,0.988212180746562,0.0,0.0,0.0,0.0,test,Regresi贸n logistica Sin Balanceo,
1,0.9857110962268364,0.0,0.0,0.0,0.0,train,Regresi贸n logistica Sin Balanceo,
0,0.8997931212826481,0.8651844843897823,0.9469324359306238,0.9042145593869731,0.799605593611237,test,Regresi贸n logistica Balanceado,
1,0.8950022628822655,0.8581306768239085,0.94654514898843,0.9001721170395869,0.7899989146887458,train,Regresi贸n logistica Balanceado,
0,0.9732095016967316,0.03333333333333333,0.045454545454545456,0.03846153846153846,0.025203002910985095,test,Decission Tree Sin Balanceo,0.984276161214531
1,0.9976334003125698,1.0,0.834375,0.9097103918228279,0.9085212815274931,train,Decission Tree Sin Balanceo,1.0
0,0.9670287044220326,0.9597349643221202,0.9748899818793684,0.9672531141646333,0.9340584142602905,test,Decission Tree Balanceado,0.9591836734693877
1,0.9981250404086118,0.9980611387578362,0.9981901622390279,0.9981256463288521,0.9962500804410218,train,Decission Tree Balanceado,0.9980598848865032
