,accuracy,precision,recall,f1,kapppa,set,modelo
0,0.9882121807465619,0.0,0.0,0.0,0.0,test,Regresi贸n logistica Sin Balanceo
1,0.9857110962268364,0.0,0.0,0.0,0.0,train,Regresi贸n logistica Sin Balanceo
0,0.9010605276771857,0.8641404805914972,0.9548123563952005,0.9072164948453608,0.8018086106022935,test,Regresi贸n logistica Balanceado
1,0.8982409622970963,0.8568934411918757,0.9553594601609136,0.9034514496088357,0.7965565617013362,train,Regresi贸n logistica Balanceado
